<?xml version="1.0" encoding="utf-8" standalone="yes" ?>
<rss version="2.0" xmlns:atom="http://www.w3.org/2005/Atom">
  <channel>
    <title>Publics on Mail For Good</title>
    <link>https://freeCodeCamp.github.io/mail-for-good/public/</link>
    <description>Recent content in Publics on Mail For Good</description>
    <generator>Hugo -- gohugo.io</generator>
    <language>en-us</language>
    
	<atom:link href="https://freeCodeCamp.github.io/mail-for-good/public/index.xml" rel="self" type="application/rss+xml" />
    
    
    <item>
      <title></title>
      <link>https://freeCodeCamp.github.io/mail-for-good/public/aws-deployment-guide/</link>
      <pubDate>Mon, 01 Jan 0001 00:00:00 +0000</pubDate>
      
      <guid>https://freeCodeCamp.github.io/mail-for-good/public/aws-deployment-guide/</guid>
      <description>Deploying Mail for Good on AWS - Mail For Good  @font-face { font-family: &#39;Icon&#39;; src: url(&#39;/fonts/icon.eot&#39;); src: url(&#39;/fonts/icon.eot&#39;) format(&#39;embedded-opentype&#39;), url(&#39;/fonts/icon.woff&#39;) format(&#39;woff&#39;), url(&#39;/fonts/icon.ttf&#39;) format(&#39;truetype&#39;), url(&#39;/fonts/icon.svg&#39;) format(&#39;svg&#39;); font-weight: normal; font-style: normal; }   body, input { font-family: &#39;\27Lato\27, sans-serif&#39;, Helvetica, Arial, sans-serif; } pre, code { font-family: &#39;Ubuntu Mono&#39;, &#39;Courier New&#39;, &#39;Courier&#39;, monospace; }          Mail For Good
                 Mail For Good 1.</description>
    </item>
    
    <item>
      <title></title>
      <link>https://freeCodeCamp.github.io/mail-for-good/public/getting-started/</link>
      <pubDate>Mon, 01 Jan 0001 00:00:00 +0000</pubDate>
      
      <guid>https://freeCodeCamp.github.io/mail-for-good/public/getting-started/</guid>
      <description>Getting Started - Mail For Good  @font-face { font-family: &#39;Icon&#39;; src: url(&#39;/fonts/icon.eot&#39;); src: url(&#39;/fonts/icon.eot&#39;) format(&#39;embedded-opentype&#39;), url(&#39;/fonts/icon.woff&#39;) format(&#39;woff&#39;), url(&#39;/fonts/icon.ttf&#39;) format(&#39;truetype&#39;), url(&#39;/fonts/icon.svg&#39;) format(&#39;svg&#39;); font-weight: normal; font-style: normal; }   body, input { font-family: &#39;\27Lato\27, sans-serif&#39;, Helvetica, Arial, sans-serif; } pre, code { font-family: &#39;Ubuntu Mono&#39;, &#39;Courier New&#39;, &#39;Courier&#39;, monospace; }          Mail For Good
                 Mail For Good 1.</description>
    </item>
    
    <item>
      <title></title>
      <link>https://freeCodeCamp.github.io/mail-for-good/public/google-api-guide/</link>
      <pubDate>Mon, 01 Jan 0001 00:00:00 +0000</pubDate>
      
      <guid>https://freeCodeCamp.github.io/mail-for-good/public/google-api-guide/</guid>
      <description>How to configure your Google API Keys - Mail For Good  @font-face { font-family: &#39;Icon&#39;; src: url(&#39;/fonts/icon.eot&#39;); src: url(&#39;/fonts/icon.eot&#39;) format(&#39;embedded-opentype&#39;), url(&#39;/fonts/icon.woff&#39;) format(&#39;woff&#39;), url(&#39;/fonts/icon.ttf&#39;) format(&#39;truetype&#39;), url(&#39;/fonts/icon.svg&#39;) format(&#39;svg&#39;); font-weight: normal; font-style: normal; }   body, input { font-family: &#39;\27Lato\27, sans-serif&#39;, Helvetica, Arial, sans-serif; } pre, code { font-family: &#39;Ubuntu Mono&#39;, &#39;Courier New&#39;, &#39;Courier&#39;, monospace; }          Mail For Good
                 Mail For Good 1.</description>
    </item>
    
    <item>
      <title></title>
      <link>https://freeCodeCamp.github.io/mail-for-good/public/how-to-contribute/</link>
      <pubDate>Mon, 01 Jan 0001 00:00:00 +0000</pubDate>
      
      <guid>https://freeCodeCamp.github.io/mail-for-good/public/how-to-contribute/</guid>
      <description>How to Contribute - Mail For Good  @font-face { font-family: &#39;Icon&#39;; src: url(&#39;/fonts/icon.eot&#39;); src: url(&#39;/fonts/icon.eot&#39;) format(&#39;embedded-opentype&#39;), url(&#39;/fonts/icon.woff&#39;) format(&#39;woff&#39;), url(&#39;/fonts/icon.ttf&#39;) format(&#39;truetype&#39;), url(&#39;/fonts/icon.svg&#39;) format(&#39;svg&#39;); font-weight: normal; font-style: normal; }   body, input { font-family: &#39;\27Lato\27, sans-serif&#39;, Helvetica, Arial, sans-serif; } pre, code { font-family: &#39;Ubuntu Mono&#39;, &#39;Courier New&#39;, &#39;Courier&#39;, monospace; }          Mail For Good
                 Mail For Good 1.</description>
    </item>
    
    <item>
      <title></title>
      <link>https://freeCodeCamp.github.io/mail-for-good/public/</link>
      <pubDate>Mon, 01 Jan 0001 00:00:00 +0000</pubDate>
      
      <guid>https://freeCodeCamp.github.io/mail-for-good/public/</guid>
      <description>Mail For Good  @font-face { font-family: &#39;Icon&#39;; src: url(&#39;/fonts/icon.eot&#39;); src: url(&#39;/fonts/icon.eot&#39;) format(&#39;embedded-opentype&#39;), url(&#39;/fonts/icon.woff&#39;) format(&#39;woff&#39;), url(&#39;/fonts/icon.ttf&#39;) format(&#39;truetype&#39;), url(&#39;/fonts/icon.svg&#39;) format(&#39;svg&#39;); font-weight: normal; font-style: normal; }   body, input { font-family: &#39;\27Lato\27, sans-serif&#39;, Helvetica, Arial, sans-serif; } pre, code { font-family: &#39;Ubuntu Mono&#39;, &#39;Courier New&#39;, &#39;Courier&#39;, monospace; }          Mail For Good
                 Mail For Good 1.</description>
    </item>
    
    <item>
      <title></title>
      <link>https://freeCodeCamp.github.io/mail-for-good/public/license/</link>
      <pubDate>Mon, 01 Jan 0001 00:00:00 +0000</pubDate>
      
      <guid>https://freeCodeCamp.github.io/mail-for-good/public/license/</guid>
      <description>License - Mail For Good  @font-face { font-family: &#39;Icon&#39;; src: url(&#39;/fonts/icon.eot&#39;); src: url(&#39;/fonts/icon.eot&#39;) format(&#39;embedded-opentype&#39;), url(&#39;/fonts/icon.woff&#39;) format(&#39;woff&#39;), url(&#39;/fonts/icon.ttf&#39;) format(&#39;truetype&#39;), url(&#39;/fonts/icon.svg&#39;) format(&#39;svg&#39;); font-weight: normal; font-style: normal; }   body, input { font-family: &#39;\27Lato\27, sans-serif&#39;, Helvetica, Arial, sans-serif; } pre, code { font-family: &#39;Ubuntu Mono&#39;, &#39;Courier New&#39;, &#39;Courier&#39;, monospace; }          Mail For Good
                 Mail For Good 1.</description>
    </item>
    
    <item>
      <title></title>
      <link>https://freeCodeCamp.github.io/mail-for-good/public/local-deployment-guide/</link>
      <pubDate>Mon, 01 Jan 0001 00:00:00 +0000</pubDate>
      
      <guid>https://freeCodeCamp.github.io/mail-for-good/public/local-deployment-guide/</guid>
      <description>Local Deployment Guide - Mail For Good  @font-face { font-family: &#39;Icon&#39;; src: url(&#39;/fonts/icon.eot&#39;); src: url(&#39;/fonts/icon.eot&#39;) format(&#39;embedded-opentype&#39;), url(&#39;/fonts/icon.woff&#39;) format(&#39;woff&#39;), url(&#39;/fonts/icon.ttf&#39;) format(&#39;truetype&#39;), url(&#39;/fonts/icon.svg&#39;) format(&#39;svg&#39;); font-weight: normal; font-style: normal; }   body, input { font-family: &#39;\27Lato\27, sans-serif&#39;, Helvetica, Arial, sans-serif; } pre, code { font-family: &#39;Ubuntu Mono&#39;, &#39;Courier New&#39;, &#39;Courier&#39;, monospace; }          Mail For Good
                 Mail For Good 1.</description>
    </item>
    
  </channel>
</rss>